total_games,1000
player_win_rate,0.18801410105757932
dealer_bust_rate,0.011750881316098707
avg_player_hand,22.485311398354877
avg_dealer_hand,15.678025851938896
