total_games,50
player_win_rate,0.22448979591836735
dealer_bust_rate,0.08163265306122448
avg_player_hand,21.244897959183675
avg_dealer_hand,16.693877551020407
