total_games,1000
player_win_rate,0.14364364364364365
dealer_bust_rate,0.06706706706706707
avg_player_hand,22.273273273273272
avg_dealer_hand,16.7027027027027
