Experiment,D-statistic (wins),p-value (wins),D-statistic (dealer draws),p-value (dealer draws)
GPT_Implicit,0.11315415415415415,4.947372286141458e-06,0.12205882352941176,0.0005034959551308921
GPT_Explicit,0.018,0.9969602438295625,0.03297507181459662,0.6900083549736503
Mixstral_Explicit,0.002,1.0,0.035850944977190206,0.5725899331049588
Mixstral_Implicit,0.034619295958279006,0.6583663817470222,0.25100713682035874,1.516693688129414e-17
LLAMA_Implicit,0.15288954171562869,7.52239919123075e-10,0.3753852504127683,3.0649893769646096e-24
LLAMA_Explicit,0.011,0.9999999867571524,0.049478455839344904,0.20778394360318084
